"","species","beta_yr","se_yr","p_yr"
"1","AGOL",-0.365169073006154,0.0275414988284493,4.00906336104978e-40
"2","AMCO",-0.480180127602117,0.228057470059433,0.0352458534941243
"3","AMCR",-0.135456662763311,0.0103445227541357,3.53858299383356e-39
"4","AMRO",-0.160136452027062,0.0127794580843772,5.06682354292035e-36
"5","AMWI",-0.0224402411288173,0.12683483643493,0.859567377450655
"6","ANHU",0.191897167265825,0.0118385188937421,4.31656774743639e-59
"7","BAEA",0.0135722594221874,0.0873070381405275,0.876463134751461
"8","BAGO",-0.587406618323755,0.305233769134556,0.0542984110074194
"9","BAOW",0.0897346047505693,0.33943416265506,0.791498468752998
"10","BARS",-0.735256227555624,0.0985266163699274,8.48871652566906e-14
"11","BCCH",0.0075012238184425,0.0134317330776563,0.576523289106074
"12","BEKI",-0.00252520426661019,0.144437978259138,0.986051321913752
"13","BEWR",0.0131804955417262,0.013421078351293,0.326063267029938
"14","BHCO",-0.470189387334781,0.0966679426899308,1.15057884693962e-06
"15","BHGR",0.0309587812764305,NA,NA
"16","BRAN",-0.689827239589627,0.59884474786375,0.249349832971426
"17","BRCR",0.287345651620171,0.0244231245903445,5.89090016030999e-32
"18","BTPI",-0.253878522516948,0.113269020219009,0.0250016960337832
"19","BTYW",0.481751964129984,0.145320452219761,0.000916100463054308
"20","BUFF",-0.232605438796431,0.0457129214851603,3.61105055497424e-07
"21","BUOR",-1.22450207949815,0.809518494935063,0.130373632204211
"22","BUSH",-0.306387945185717,0.0905989771515968,0.000720116151413998
"23","CAGU",0.0408369945930299,0.135039169667338,0.762340665387608
"24","CANG",-0.0284719381720185,0.129905447597538,0.826514258646644
"25","CANV",-0.811719309971311,0.695306799967038,0.243038333557258
"26","CAQU",-1.74614705675387,0.640428823170469,0.00640045406248289
"27","CATE",0.469204980474823,0.150965202006812,0.00188336400448952
"28","CBCH",0.373431906676115,0.0278795251960672,6.51254394597084e-41
"29","CEDW",-0.157445565591243,0.0923973816407369,0.0883802233188168
"30","CLSW",-0.757675402529338,0.22552719771614,0.000780626256390666
"31","COGO",0.0669501692117083,0.0625094993246812,0.284151480067217
"32","COHA",0.119790172313653,0.135398686917072,0.376306685817831
"33","COLO",-0.363760817674337,0.535980891081456,0.497339096315495
"34","COME",0.0319849921054845,0.127914342692014,0.802548617282819
"35","CORA",1.48904316211157,0.28499787659037,1.74388890276333e-07
"36","COYE",0.505418788696982,0.119115962528796,2.20470894518542e-05
"37","DCCO",-0.00490826596575076,0.0407332457217837,0.904088832612008
"38","DEJU",0.734602257478222,0.0227593316492973,1.47242778038392e-228
"39","DOWO",0.0640179684750708,0.0748999133217051,0.392709764579991
"40","EUST",-0.685965545667917,0.0825397916411664,9.51187788084694e-17
"41","EUWI",-0.139688537950586,0.466281045511524,0.764497439574662
"42","EVGR",-0.319974925449899,0.446471547862327,0.473574753433856
"43","FOSP",0.0503761754459886,0.0450422525426917,0.263387472935136
"44","GADW",-0.337847270893284,0.099346177812666,0.000672117558726238
"45","GBHE",0.0155867202088587,0.0969067022570203,0.87221741872233
"46","GCKI",-0.0709915794743351,0.0212656195750163,0.000842846751375472
"47","GCSP",-0.179763487027055,0.140138960977815,0.199579089199509
"48","GRSC",-0.243134005244369,0.274655298394994,0.376030837100143
"49","GWGU",-0.0996628748197316,0.0236552868778556,2.51852421847156e-05
"50","GWTE",-0.441408639030724,NA,NA
"51","HAFL",0.121704852039722,NA,NA
"52","HAWO",0.164915840237625,0.290088104849823,0.569693744490657
"53","HEEG",-0.36959210729442,0.508088738227504,0.466970879092219
"54","HETH",0.232403929591984,0.276037966032787,0.399828587037144
"55","HOFI",-0.00470005990010253,0.0449075072061297,0.916644892689473
"56","HOGR",-0.114262109296658,0.0518776888361788,0.0276279695127194
"57","HOME",-0.530366666148985,0.326185396562266,0.103956691661517
"58","HOSP",-1.46547681824684,0.305722600275623,1.63908400035581e-06
"59","HUVI",0.156736828609404,0.117266681873067,0.18135830336445
"60","KILL",-0.468561034326133,0.22736418220459,0.0393183770472914
"61","LESC",-0.340082804086863,0.236131570196559,0.149803496794325
"62","LISP",-0.500568789480467,0.332314869074671,0.13198793726338
"63","MALL",-0.016129199669686,0.0354796946612828,0.649394388606533
"64","MERL",0.0197174311100596,0.292868315891094,0.946322779903352
"65","MODO",-0.524948845504084,0.796964030194903,0.510097589078887
"66","NOFL",-0.166374822850384,0.0175608846473088,2.68887417290649e-21
"67","NRWS",-0.467146698691255,0.582060204958975,0.422220691436387
"68","NSHO",-0.417892917687826,0.255476158873775,0.101893730885884
"69","OCWA",0.0363386377500927,0.0776785231611582,0.639921869786132
"70","OSFL",-0.200273160041304,NA,NA
"71","OSPR",0.200931293541153,0.175324051479816,0.251771716538459
"72","PAWR",-0.0773534258199484,0.0164412595269325,2.54070402584914e-06
"73","PBGR",-0.236442113380451,0.075506698553332,0.00173971590746115
"74","PEFA",-0.214583853245377,0.594198419980564,0.718001037488859
"75","PIGU",-0.622776524072283,0.609859981876963,0.307169393094651
"76","PISI",-0.0592371456616778,0.0649899971173773,0.362042007566337
"77","PIWO",0.262810935027621,0.126449340179357,0.0376735324194533
"78","PUFI",1.04120603625816,0.138937747099009,6.6781684696251e-14
"79","RBGU",-0.121439556660551,0.135782336484005,0.371124319132428
"80","RBME",-0.29691055510328,0.215361806329489,0.167999826696598
"81","RBNU",0.157121965286625,0.0196525720440766,1.2959250219075e-15
"82","RBSA",0.21718293307228,0.371564981845258,0.558878170591907
"83","RCKI",-0.149963405131506,0.0335689439387445,7.92035060774031e-06
"84","RECR",-0.0035000003520038,0.219442561218662,0.987274675282794
"85","RHAU",0.173469413189436,0.356122419106674,0.626183122911068
"86","RNDU",-0.367829398741827,0.225178800453632,0.102364041053439
"87","RNGR",-0.591205271065355,0.0973796134834126,1.27005367737762e-09
"88","ROPI",-0.415027950033132,0.110656374832047,0.000176410973746796
"89","RTHA",-0.186181573398961,0.191605163334823,0.331202839435591
"90","RTLO",-0.058922255180894,0.67539900290648,0.930480220061319
"91","RUHU",-0.214048099727836,0.157004202262666,0.172779412818513
"92","RWBL",-1.01407383129461,0.0719137032796629,3.73048712321535e-45
"93","SAVS",-0.503948839762806,0.04457886071468,1.24435958023821e-29
"94","SBIG",0.165945035415857,0.0959156123985657,0.0836097388298948
"95","SOSP",-0.00483673416644722,0.00838423254090192,0.564017452232402
"96","SPSA",-0.232918416429929,0.609157967118826,0.702193410842688
"97","SPTO",0.0223894275312862,0.0117874574621545,0.0575082162442244
"98","SSHA",-0.608273147802646,0.401350711406714,0.129629346921003
"99","STJA",-0.0524430516624442,0.0569798075824996,0.357374433086136
"100","SUSC",-0.134025020484881,0.266787934580535,0.615410531306919
"101","SWTH",0.0620392968283169,0.0466274807483583,0.18334346253007
"102","TOWA",0.119055337009155,0.177743068245198,0.502974425483768
"103","TRES",-0.206772639304759,0.156801493338207,0.187272604796138
"104","VASW",-0.759791521178939,0.204109450498951,0.000197282531983018
"105","VATH",0.0999368127898005,0.0736729879030077,0.174942704579515
"106","VESC",-0.703778687617492,0.745271545901654,0.345003501818314
"107","VGSW",-0.326007721767435,0.102586635853132,0.00148357618380525
"108","WAVI",0.272492282546186,0.119220422780447,0.022276646511586
"109","WCSP",-0.353502385701757,0.0417084953387647,2.33974003234459e-17
"110","WEFL",0.530642707820028,0.0268395221645705,5.29747103299555e-87
"111","WEGR",-0.765180578588222,NA,NA
"112","WEGU",-0.585823029547518,0.202744358777646,0.00385896141192011
"113","WETA",0.191513273377061,0.164265239421286,0.243663665283419
"114","WEWP",-0.0496232221081246,NA,NA
"115","WIFL",-0.262253702895603,0.276306512698981,0.342549156074845
"116","WIWA",0.269823982821962,0.0356447772523001,3.73787323816743e-14
"117","YEWA",-0.156034373907622,0.289645609545719,0.590088431702639
"118","YRWA",0.161678384523841,0.100390473394788,0.10728977295763
